Date,Time,latitude,longitude,CrimeSeverity,Day
2023-02-25,23:36:00,18.45379196,73.86502883,Low,Saturday
2023-02-13,19:45:00,18.45939258,73.83679917,Low,Monday
2023-03-20,21:03:00,18.45748548,73.84638974,Low,Monday
2023-02-24,08:32:00,18.44064723,73.84020888,Moderate,Friday
2023-02-17,03:11:00,18.46299528,73.84236608,Very High,Friday
2023-06-03,19:27:00,18.45060456,73.83928674,Low,Saturday
2023-03-16,12:43:00,18.44740857,73.85969291,Low,Thursday
2023-02-18,20:12:00,18.45612375,73.83388631,Very High,Saturday
2023-03-25,22:05:00,18.44799786,73.84894301,Moderate,Saturday
2023-02-16,00:08:00,18.45794656,73.85722216,Moderate,Thursday
2023-03-19,23:06:00,18.44278006,73.8605884,Moderate,Sunday
2023-03-03,12:20:00,18.45447223,73.85284402,Low,Friday
2023-03-25,19:32:00,18.46376751,73.87537653,Low,Saturday
2023-03-06,20:37:00,18.42319674,73.85986687,High,Monday
2023-06-27,23:46:00,18.45435418,73.86827343,Low,Tuesday
2023-06-22,23:19:00,18.45105455,73.8719569,Very High,Thursday
2023-04-01,12:13:00,18.4300921,73.85737758,Low,Saturday
2023-06-23,20:37:00,18.44807159,73.85847396,High,Friday
2023-06-27,23:40:00,18.44671248,73.8706043,Very High,Tuesday
2023-04-02,22:55:00,18.44216195,73.85939029,Low,Sunday
2023-06-27,23:22:00,18.45612375,73.83388631,Very High,Tuesday
2023-06-24,01:04:00,18.45911959,73.8482947,Low,Saturday
2023-06-29,18:46:00,18.4546327,73.83402613,Low,Thursday
2023-04-05,20:32:00,18.44936641,73.85620914,Low,Wednesday
2023-04-05,20:00:00,18.45300342,73.86521654,Very High,Wednesday
2023-06-29,01:58:00,18.43707585,73.84578361,Low,Thursday
2023-06-28,17:54:00,18.43665176,73.8608513,Very High,Wednesday
2023-06-30,23:44:00,18.42007168,73.86215584,Very High,Friday
2023-06-30,23:24:00,18.45776878,73.83775235,Low,Friday
2023-09-17,00:16:00,18.46124077,73.86198428,Low,Sunday
2023-09-26,01:10:00,18.44351355,73.87523461,Very High,Tuesday
2023-09-14,15:25:00,18.45554077,73.87020045,Low,Thursday
2023-08-14,02:34:00,18.45565272,73.87024337,Very High,Monday
2023-08-27,00:25:00,18.43721545,73.8610177,Low,Sunday
2023-09-22,01:31:00,18.44787851,73.85805675,Low,Friday
2023-07-04,03:56:00,18.45899086,73.85700505,Very Low,Tuesday
2023-09-17,02:57:00,18.44409719,73.85942563,Low,Sunday
2023-08-27,22:59:00,18.87636799,73.90316467,Very High,Sunday
2023-09-17,03:12:00,18.44409719,73.85942563,Low,Sunday
2023-08-04,06:20:00,18.41610525,73.84666044,Very High,Friday
2023-09-30,22:47:00,18.42323037,73.84530467,Very High,Saturday
2023-09-03,23:15:00,18.44518932,73.85954013,Low,Sunday
2023-09-17,02:41:00,18.4632497,73.84229098,Low,Sunday
2023-12-19,00:35:00,18.45344173,73.85090195,Low,Tuesday
2023-11-15,19:20:00,18.45154065,73.84762932,Very High,Wednesday
2023-10-02,19:17:00,18.45133032,73.85229905,Low,Monday
2023-12-23,22:49:00,18.45064134,73.85127611,Very High,Saturday
2023-12-12,00:54:00,18.45929156,73.85724128,Moderate,Tuesday
2023-11-22,03:31:00,18.45876527,73.8548423,Very High,Wednesday
2023-11-28,10:56:00,18.43166223,73.85889201,Low,Tuesday
2023-12-29,16:17:00,18.45697611,73.82925718,Very High,Friday
2023-11-15,00:42:00,18.45377605,73.83964619,Very High,Wednesday
2023-12-20,20:09:00,18.44940364,73.84007441,Moderate,Wednesday
2023-12-20,13:45:00,18.45816003,73.84014134,High,Wednesday
2023-10-01,00:34:00,18.46387437,73.83280332,Very High,Sunday
2023-12-20,23:23:00,18.45564919,73.84010641,Very High,Wednesday
2023-12-15,13:33:00,18.45612375,73.83388631,High,Friday
2023-12-04,23:23:00,18.45737137,73.85250358,Low,Monday
2023-12-16,22:41:00,18.46401607,73.83247592,Low,Saturday
2023-12-22,22:49:00,18.49964223,73.9386816,High,Friday
2023-10-01,09:54:00,18.48580145,73.95423587,Very High,Sunday
2023-12-11,22:28:00,18.47650449,73.97506986,High,Monday
2023-12-19,07:48:00,18.47741776,73.85748448,Very High,Tuesday
2023-10-02,16:33:00,18.47527983,73.97945257,Low,Monday
2023-12-13,16:06:00,18.50290724,73.92056455,Low,Wednesday
2023-12-19,19:41:00,18.4545046,73.93079017,Very High,Tuesday
2023-12-18,15:20:00,18.48579849,73.95583267,Low,Monday
2023-12-13,06:22:00,18.47591678,73.98418651,Very High,Wednesday
2023-10-02,20:14:00,18.47622206,73.98489461,Low,Monday
2023-12-27,15:20:00,18.49688056,73.97415508,Very High,Wednesday
2023-12-11,10:39:00,18.71871275,74.04545841,High,Monday
2023-12-22,23:50:00,18.50260046,73.93895232,Very High,Friday
2023-12-30,19:44:00,18.50512821,73.95445267,Very High,Saturday
2023-12-08,21:50:00,18.48225687,73.93280525,Low,Friday
2023-12-31,13:27:00,18.43798582,73.84669965,Low,Sunday
2023-12-20,17:20:00,18.51319634,73.94617607,Moderate,Wednesday
2023-12-09,03:20:00,18.47681317,73.96121028,Moderate,Saturday
2023-03-24,19:19:00,18.47509426,73.97729457,Low,Friday
2023-03-29,18:35:00,18.47501739,73.97797431,High,Wednesday
2023-03-31,20:35:00,18.52762578,73.97967086,Very High,Friday
2023-03-21,15:45:00,18.49992848,73.92594872,Low,Tuesday
2023-03-31,03:28:00,18.48505192,73.95379177,Very High,Friday
2023-03-20,03:48:00,18.51911587,73.93401035,Low,Monday
2023-03-23,22:18:00,18.50265359,73.93879513,Low,Thursday
2023-03-31,23:38:00,18.49608849,73.93153691,Low,Friday
2023-03-19,06:11:00,18.49675927,73.92647368,High,Sunday
2023-03-28,02:01:00,18.49785578,73.9397726,Low,Tuesday
2023-03-21,19:36:00,18.48987568,73.95907488,Low,Tuesday
2023-03-20,21:38:00,18.51387317,73.9762077,Moderate,Monday
2023-03-26,02:37:00,18.50331217,73.93542912,Low,Sunday
2023-03-20,14:56:00,18.50379474,73.93695824,Very Low,Monday
2023-03-28,02:36:00,18.47310534,73.9773158,Low,Tuesday
2023-03-19,03:25:00,18.49779935,73.92359165,Low,Sunday
2023-03-25,19:42:00,18.4950388,73.94915611,Low,Saturday
2023-06-30,21:36:00,18.49587841,73.94518933,Low,Friday
2023-06-27,14:24:00,18.50684075,73.91827169,Very High,Tuesday
2023-04-04,00:03:00,18.4908504,73.95875145,Low,Tuesday
2023-06-29,01:04:00,18.49626256,73.96998723,Very High,Thursday
2023-04-03,02:29:00,18.50030478,73.94241101,Very Low,Monday
2023-04-03,12:43:00,18.50443114,73.91980086,Very High,Monday
2023-06-29,00:21:00,18.49181739,73.93480872,Low,Thursday
2023-04-01,01:05:00,18.52623638,73.95493377,Moderate,Saturday
2023-06-30,03:26:00,18.50519886,73.96420894,High,Friday
2023-04-04,17:39:00,18.46514394,73.96190367,Low,Tuesday
2023-04-05,14:35:00,18.49667751,73.94335844,Low,Wednesday
2023-04-04,02:57:00,18.50019752,73.94469047,High,Tuesday
2023-06-27,14:24:00,18.50684075,73.91827169,Very High,Tuesday
2023-04-01,00:40:00,18.50019752,73.94469047,Low,Saturday
2023-04-01,23:33:00,18.50575305,73.95424035,Low,Saturday
2023-04-02,20:09:00,18.5034148,73.94720922,Moderate,Sunday
2023-04-01,03:50:00,18.51561228,73.91807818,High,Saturday
2023-06-29,18:33:00,18.526279,73.9549871,Moderate,Thursday
2023-09-18,08:55:00,18.51008371,73.94130311,Very High,Monday
2023-09-16,01:05:00,18.48865493,73.93884768,Moderate,Saturday
2023-09-20,19:33:00,18.4964806,73.92661103,Moderate,Wednesday
2023-09-22,21:44:00,18.53303921,73.93226172,High,Friday
2023-07-01,00:50:00,18.50259893,73.93637722,High,Saturday
2023-09-16,19:29:00,18.49995098,73.94538709,Moderate,Saturday
2023-09-17,22:05:00,18.50975989,73.94314459,Low,Sunday
2023-09-22,13:20:00,18.48653315,73.95250856,Low,Friday
2023-07-04,02:15:00,18.4907419,73.95827913,Low,Tuesday
2023-09-19,10:16:00,18.50523323,73.91699132,High,Tuesday
2023-09-25,04:45:00,18.52427201,73.98443853,Very High,Monday
2023-09-17,04:29:00,18.49080708,73.95833627,Moderate,Sunday
2023-09-26,20:04:00,18.50032513,73.94235737,Very Low,Tuesday
2023-09-21,19:42:00,18.50093255,73.93630798,Moderate,Thursday
2023-07-04,03:12:00,18.49481778,73.98133582,Low,Tuesday
2023-07-03,03:04:00,18.50433415,73.91843313,Low,Monday
2023-09-15,23:50:00,18.48223614,73.95934074,Low,Friday
2023-09-16,21:52:00,18.50360633,73.95285243,High,Saturday
2023-11-27,18:18:00,18.49942383,73.94675838,Low,Monday
2023-10-31,20:29:00,18.56969037,73.83709225,Very Low,Tuesday
2023-12-28,09:00:00,18.49063584,73.86900841,High,Thursday
2023-10-13,03:27:00,18.49205702,73.85799237,Very Low,Friday
2023-12-19,01:25:00,18.49972506,73.85910992,Very Low,Tuesday
2023-12-19,18:26:00,18.49606082,73.85795112,Very Low,Tuesday
2023-11-28,17:46:00,18.48942721,73.86321758,Very Low,Tuesday
2023-03-11,01:26:00,18.49982376,73.85822851,Very Low,Saturday
2023-10-05,13:57:00,18.49941234,73.87257736,Very Low,Thursday
2023-12-30,23:07:00,18.47364791,73.97485459,Moderate,Saturday
2023-10-22,02:06:00,18.49754315,73.85816436,Very Low,Sunday
2023-12-10,23:11:00,18.49215638,73.86444605,Moderate,Sunday
2023-11-15,05:57:00,18.50062162,73.85818191,Very Low,Wednesday
2023-10-18,19:52:00,18.4979963,73.85100442,Low,Wednesday
2023-11-08,22:43:00,18.4925497,73.86748044,Low,Wednesday
2023-10-04,19:48:00,18.50792255,73.85032796,Moderate,Wednesday
2023-10-15,19:37:00,18.49892666,73.85817567,Moderate,Sunday
2023-10-04,23:57:00,18.49251179,73.8667142,Very High,Wednesday
2023-03-31,20:34:00,18.49252051,73.85479458,Moderate,Friday
2023-03-25,16:12:00,18.5853104,73.81615408,Moderate,Saturday
2023-01-10,00:23:00,18.49786954,73.8694497,Low,Tuesday
2023-02-21,18:34:00,18.49786954,73.8694497,Very Low,Tuesday
2023-01-11,15:58:00,18.49020664,73.85771513,Low,Wednesday
2023-02-12,15:42:00,18.59010585,73.7849475,High,Sunday
2023-01-18,20:35:00,18.49521868,73.85949834,High,Wednesday
2023-01-16,20:28:00,18.49604318,73.86122737,Very Low,Monday
2023-01-24,23:41:00,18.49628403,73.86922308,Low,Tuesday
2023-03-27,02:06:00,18.49701843,73.85759389,Very Low,Monday
2023-03-18,08:23:00,18.50190286,73.8751006,High,Saturday
2023-01-13,01:00:00,18.48981764,73.86353816,Low,Friday
2023-02-18,18:52:00,18.49869644,73.85813793,Very Low,Saturday
2023-01-16,16:00:00,18.49860867,73.87264593,Very High,Monday
2023-02-08,22:10:00,18.49437547,73.86668069,Low,Wednesday
2023-02-23,02:21:00,18.50003791,73.85822908,Low,Thursday
2023-01-10,03:08:00,18.49652658,73.86344155,Low,Tuesday
2023-01-19,17:15:00,18.52042061,73.84657462,Very Low,Thursday
2023-06-27,02:01:00,18.49875804,73.8581639,Very Low,Tuesday
2023-06-07,19:02:00,18.49875804,73.8581639,Very Low,Wednesday
2023-06-02,19:58:00,18.50376995,73.85542321,High,Friday
2023-06-18,12:56:00,18.49098494,73.85218117,High,Sunday
2023-05-29,15:18:00,18.49110786,73.86745164,Low,Monday
2023-05-31,22:37:00,18.49905223,73.85873865,Moderate,Wednesday
2023-06-14,20:52:00,18.49257138,73.85456927,High,Wednesday
2023-04-04,00:30:00,18.49082986,73.86842281,Low,Tuesday
2023-06-27,00:09:00,18.49905223,73.85873865,Moderate,Tuesday
2023-06-05,02:29:00,18.4934168,73.87386823,Very High,Monday
2023-06-06,19:21:00,18.50412542,73.86185167,Moderate,Tuesday
2023-06-01,01:14:00,18.49905223,73.85873865,High,Thursday
2023-06-12,20:23:00,18.49905223,73.85873865,Very Low,Monday
2023-04-04,17:53:00,18.49575395,73.8577687,Low,Tuesday
2023-05-28,02:25:00,18.49176741,73.85779497,High,Sunday
2023-04-04,20:14:00,18.50002778,73.85826129,Very Low,Tuesday
2023-06-18,22:36:00,18.44701246,73.85880983,Low,Sunday
2023-08-28,00:47:00,18.49905223,73.85873865,Very Low,Monday
2023-07-14,23:11:00,18.49669411,73.85780233,Very Low,Friday
2023-07-06,22:47:00,18.48790676,73.86652886,Very High,Thursday
2023-07-08,05:36:00,18.4942381,73.85725432,Low,Saturday
2023-08-05,16:06:00,18.50101355,73.85857302,Moderate,Saturday
2023-08-21,22:20:00,18.49905223,73.85873865,Very Low,Monday
2023-09-12,23:35:00,18.50127908,73.85855849,Very Low,Tuesday
2023-07-06,20:19:00,18.48930641,73.86793133,Low,Thursday
2023-09-15,22:08:00,18.4942381,73.85725432,Very High,Friday
2023-07-12,01:24:00,18.50156978,73.87229994,Low,Wednesday
2023-07-28,19:27:00,18.49772556,73.85824448,Very Low,Friday
2023-09-29,15:16:00,18.5003811,73.85874874,Very Low,Friday
2023-08-29,22:28:00,18.50094423,73.85770324,Very Low,Tuesday
2023-07-04,00:23:00,18.49980191,73.8700525,Very Low,Tuesday
2023-09-04,20:51:00,18.49963911,73.86995594,Moderate,Monday
2023-09-07,04:40:00,18.50412542,73.86185167,Very Low,Thursday
2023-08-31,03:48:00,18.48861301,73.85742584,Low,Thursday
2023-07-08,02:59:00,18.48952535,73.86849772,Low,Saturday
2023-02-19,01:05:00,18.48255529,73.79726296,High,Sunday
2023-01-29,14:48:00,18.50563862,73.8261438,Low,Sunday
2023-03-09,00:12:00,18.49939724,73.82321942,Low,Thursday
2023-01-31,22:59:00,18.468166,73.7896729,Low,Tuesday
2023-03-14,08:29:00,18.49964654,73.78941164,High,Tuesday
2023-02-16,03:28:00,18.49151881,73.82168608,Moderate,Thursday
2023-02-06,12:44:00,18.47364767,73.79531201,Very Low,Monday
2023-02-27,18:46:00,18.4684036,73.79235056,Very Low,Monday
2023-03-07,02:42:00,18.48900705,73.80891612,Low,Tuesday
2023-02-08,22:38:00,18.48387961,73.80005803,High,Wednesday
2023-02-25,22:28:00,18.47916152,73.80099196,Very High,Saturday
2023-02-04,23:48:00,18.47541466,73.80160624,Low,Saturday
2023-03-20,02:12:00,18.47178541,73.7924526,High,Monday
2023-02-01,12:03:00,18.48649453,73.79678687,Low,Wednesday
2023-03-09,17:57:00,18.4782443,73.80819004,High,Thursday
2023-02-25,20:19:00,18.48473322,73.79502621,Low,Saturday
2023-03-01,15:22:00,18.47482739,73.79981201,Very Low,Wednesday
2023-06-30,17:17:00,18.5073651,73.78377504,Low,Friday
2023-06-20,11:49:00,18.49657807,73.82556048,High,Tuesday
2023-06-25,23:36:00,18.48302498,73.79282894,Low,Sunday
2023-06-22,13:52:00,18.48302498,73.79282894,Low,Thursday
2023-06-17,20:23:00,18.47845379,73.81021276,Low,Saturday
2023-06-30,18:34:00,18.48460324,73.81044126,Moderate,Friday
2023-06-26,05:08:00,18.46995607,73.7936139,Very High,Monday
2023-04-02,19:42:00,18.48642527,73.80537675,Moderate,Sunday
2023-06-17,13:03:00,18.4903181,73.79634766,Low,Saturday
2023-06-22,04:09:00,18.48150684,73.79309928,Very Low,Thursday
2023-06-20,23:26:00,18.49227446,73.82343886,Low,Tuesday
2023-06-18,20:19:00,18.4906326,73.81394651,High,Sunday
2023-06-23,15:18:00,18.46763502,73.85167246,Very Low,Friday
2023-04-04,22:53:00,18.49128951,73.8125282,Low,Tuesday
2023-04-05,12:59:00,18.48591449,73.79710832,Very High,Wednesday
2023-09-08,17:16:00,18.46761441,73.78451643,Very High,Friday
2023-08-28,18:38:00,18.49123225,73.8151715,Moderate,Monday
2023-08-08,01:13:00,18.48957352,73.81450177,Low,Tuesday
2023-08-07,22:27:00,18.486351,73.81486369,Low,Monday
2023-08-04,21:48:00,18.48461089,73.79122997,Low,Friday
2023-07-26,23:34:00,18.48506818,73.79398426,Very High,Wednesday
2023-07-16,03:32:00,18.46922438,73.78669124,Very High,Sunday
2023-07-04,00:37:00,18.46922438,73.78669124,Low,Tuesday
2023-08-31,23:28:00,18.47656073,73.79967807,High,Thursday
2023-08-01,15:56:00,18.48502649,73.81082527,Low,Tuesday
2023-07-13,23:40:00,18.48985146,73.81470006,Low,Thursday
2023-09-02,02:04:00,18.50707164,73.78816936,High,Saturday
2023-09-02,22:48:00,18.50707164,73.78816936,High,Saturday
2023-12-20,19:38:00,18.50053925,73.82221428,Low,Wednesday
2023-10-01,13:40:00,18.50714339,73.80238973,Very High,Sunday
2023-12-09,19:31:00,18.47438896,73.79417538,Low,Saturday
2023-10-09,09:10:00,18.48363559,73.801586,High,Monday
2023-12-24,03:02:00,18.48034071,73.80871261,Low,Sunday
2023-10-11,19:12:00,18.50102418,73.79077186,Low,Wednesday
2023-10-03,23:55:00,18.49392959,73.81769167,Low,Tuesday
2023-12-07,08:57:00,18.48853193,73.79044823,Low,Thursday
2023-11-03,00:46:00,18.48638748,73.81193506,Very High,Friday
2023-11-08,20:14:00,18.48378913,73.79369559,Low,Wednesday
2023-12-13,20:44:00,18.48290301,73.81051283,Low,Wednesday
2023-11-21,02:04:00,18.46915454,73.78645082,High,Tuesday
2023-11-20,09:08:00,18.49862111,73.83238181,High,Monday
2023-10-23,20:38:00,18.49862111,73.83238181,Low,Monday
2024-03-04,12:38:00,18.44172537,73.838845,Low,Monday
2024-03-21,20:20:00,18.46792435,73.85887055,Low,Thursday
2024-03-21,03:56:00,18.4559099,73.85702134,Moderate,Thursday
2024-03-18,03:56:00,18.45720572,73.83907244,Low,Monday
2024-03-14,22:51:00,18.4521458,73.84432888,Low,Thursday
2024-03-28,06:07:00,18.42409502,73.8594811,High,Thursday
2024-03-31,01:25:00,18.44628492,73.86331268,High,Sunday
2024-03-15,14:22:00,18.45704557,73.85117643,Very High,Friday
2024-02-25,03:19:00,18.40062567,73.84984815,Moderate,Sunday
2024-02-22,23:15:00,18.45751156,73.86292386,Low,Thursday
2024-02-29,18:56:00,18.43642975,73.86772912,Low,Thursday
2024-03-04,23:49:00,18.41595256,73.84742218,Very High,Monday
2024-03-27,02:38:00,18.45131176,73.83726257,Very Low,Wednesday
2024-03-28,01:55:00,18.4844607,73.80276112,Low,Thursday
2024-03-24,20:37:00,18.46126745,73.85735278,Low,Sunday
2024-02-23,22:47:00,18.46353232,73.84570978,High,Friday
2024-03-25,00:38:00,18.46300163,73.84241586,Low,Monday
2024-03-05,22:46:00,18.45433288,73.85875919,Very Low,Tuesday
2024-06-27,01:35:00,18.43855856,73.86057354,Very High,Thursday
2024-06-18,22:31:00,18.45216198,73.85342928,Low,Tuesday
2024-06-22,19:32:00,18.42915031,73.85995788,High,Saturday
2024-06-22,14:29:00,18.45807064,73.83713434,High,Saturday
2024-06-15,22:39:00,18.44793804,73.86929339,High,Saturday
2024-06-14,10:39:00,18.45882521,73.86315116,Moderate,Friday
2024-06-08,23:58:00,18.45948537,73.86389201,Low,Saturday
2024-06-15,20:17:00,18.44934759,73.84461359,Low,Saturday
2024-06-02,23:35:00,18.44816969,73.86846952,Low,Sunday
2024-04-02,23:14:00,18.44959024,73.86400657,Low,Tuesday
2024-06-07,06:33:00,18.46337005,73.84502143,Low,Friday
2024-06-12,13:30:00,18.44514405,73.83648372,Very High,Wednesday
2024-06-30,13:31:00,18.45036435,73.83445803,High,Sunday
2024-06-13,18:29:00,18.43239115,73.90150025,Low,Thursday
2024-06-24,13:21:00,18.44915055,73.84971651,High,Monday
2024-06-30,22:37:00,18.45423004,73.85870529,Very High,Sunday
2024-06-25,19:26:00,18.45771288,73.8386992,Low,Tuesday
2024-09-20,20:05:00,18.4380876,73.84676403,Low,Friday
2024-07-04,19:48:00,18.4327432,73.84219095,Very High,Thursday
2024-07-02,23:55:00,18.44796401,73.85074713,Low,Tuesday
2024-09-25,22:18:00,18.457324,73.8306259,Very High,Wednesday
2024-09-18,00:44:00,18.4504989,73.85127614,Low,Wednesday
2024-09-17,22:49:00,18.43855856,73.86057354,Low,Tuesday
2024-08-28,02:09:00,18.4454158,73.86049472,Low,Wednesday
2024-09-05,20:03:00,18.4503048,73.86859757,High,Thursday
2024-09-24,15:37:00,18.45523028,73.8581047,High,Tuesday
2024-07-04,16:16:00,18.4477436,73.85716644,Moderate,Thursday
2024-09-20,01:29:00,18.4477436,73.85716644,Very High,Friday
2024-09-05,11:41:00,18.45877396,73.84264454,High,Thursday
2024-07-01,18:39:00,18.43855856,73.86057354,Very High,Monday
2024-09-20,13:28:00,18.44802521,73.85847837,Moderate,Friday
2024-08-27,01:00:00,18.44683355,73.83743197,Low,Tuesday
2024-09-28,16:39:00,18.44802521,73.85847837,High,Saturday
2024-09-10,23:31:00,18.45061605,73.91525324,Very High,Tuesday
2024-09-20,17:12:00,18.45118766,73.85555341,Low,Friday
2024-12-18,04:58:00,18.4575338,73.87383519,Very High,Wednesday
2024-10-01,11:58:00,18.44747791,73.85403759,High,Tuesday
2024-12-10,23:36:00,18.44684784,73.8736887,Low,Tuesday
2024-11-20,18:54:00,18.43290145,73.85898279,Very High,Wednesday
2024-11-17,00:38:00,18.44775664,73.8569784,Very High,Sunday
2024-12-20,18:35:00,18.4575338,73.87383519,High,Friday
2024-11-16,00:04:00,18.45305431,73.86513071,Very Low,Saturday
2024-11-14,22:58:00,18.41239718,73.83134917,Low,Thursday
2024-12-09,01:34:00,18.39461681,73.85236414,Low,Monday
2024-11-29,00:36:00,18.44298704,73.85945466,High,Friday
2024-12-04,00:05:00,18.4383745,73.84648536,Low,Wednesday
2024-11-27,00:28:00,18.4515114,73.84451789,Low,Wednesday
2024-12-13,20:23:00,18.45125664,73.83865566,Low,Friday
2024-12-07,19:07:00,18.46433275,73.85806622,Very Low,Saturday
2024-12-07,02:47:00,18.46114187,73.85839769,High,Saturday
2024-11-26,14:50:00,18.46433275,73.85806622,Low,Tuesday
2024-12-17,19:16:00,18.46480872,73.83337732,Low,Tuesday
2024-03-20,03:36:00,18.50025842,73.94419695,Very Low,Wednesday
2024-01-10,00:46:00,18.49990346,73.85795668,Very Low,Wednesday
2024-03-19,18:42:00,18.49990346,73.85795668,Very Low,Tuesday
2024-03-20,04:11:00,18.50365268,73.93803252,Very Low,Wednesday
2024-03-18,19:23:00,18.48523274,73.95309839,Very High,Monday
2024-03-20,19:55:00,18.48452378,73.95271245,Very High,Wednesday
2024-03-17,06:25:00,18.51912912,73.92528671,High,Sunday
2024-03-24,04:29:00,18.48592567,73.94148422,Low,Sunday
2024-03-16,22:44:00,18.49423061,73.9311436,Low,Saturday
2024-03-17,23:06:00,18.50343549,73.94416832,Low,Sunday
2024-03-23,04:26:00,18.50429829,73.92005803,High,Saturday
2024-03-21,13:44:00,18.50383228,73.94692835,Low,Thursday
2024-03-29,01:36:00,18.50525806,73.95689329,High,Friday
2024-03-21,23:46:00,18.49038253,73.9569062,Moderate,Thursday
2024-03-29,06:06:00,18.4937952,73.93432502,High,Friday
2024-03-22,03:33:00,18.52590745,73.95491789,High,Friday
2024-03-30,22:36:00,18.48287701,73.95353816,Very Low,Saturday
2024-03-28,20:36:00,18.50522342,73.92713697,Low,Thursday
2024-06-25,07:56:00,18.50522342,73.92713697,Very High,Tuesday
2024-04-02,01:17:00,18.50107383,73.9362432,Low,Tuesday
2024-04-01,22:33:00,18.50033774,73.94004301,Low,Monday
2024-06-27,20:27:00,18.49612424,73.97142432,Very High,Thursday
2024-06-21,19:50:00,18.48556141,73.94393065,High,Friday
2024-06-22,19:06:00,18.48556141,73.94393065,Very High,Saturday
2024-06-16,11:08:00,18.49777981,73.95976735,Very High,Sunday
2024-06-19,19:46:00,18.51179064,73.93582145,Low,Wednesday
2024-06-28,02:44:00,18.50123555,73.93483377,High,Friday
2024-04-02,15:47:00,18.53000243,73.95860565,Moderate,Tuesday
2024-06-27,23:41:00,18.49665752,73.92630202,Moderate,Thursday
2024-04-01,03:55:00,18.50019487,73.94253736,Very Low,Monday
2024-06-27,20:49:00,18.50018547,73.93327983,Very Low,Thursday
2024-06-23,11:37:00,18.50118912,73.9346089,Very High,Sunday
2024-06-21,03:45:00,18.52605011,73.98537897,Very High,Friday
2024-06-25,23:17:00,18.48101688,73.94152343,Low,Tuesday
2024-09-22,03:07:00,18.50793414,73.9357911,Low,Sunday
2024-07-02,22:28:00,18.48843347,73.95135984,Moderate,Tuesday
2024-09-12,12:43:00,18.50128749,73.93610372,Low,Thursday
2024-09-20,21:47:00,18.49055119,73.95695858,Moderate,Friday
2024-07-03,17:53:00,18.50581703,73.93581988,Very High,Wednesday
2024-09-13,17:00:00,18.4919615,73.93194947,Low,Friday
2024-09-20,22:06:00,18.52655819,73.95698085,High,Friday
2024-09-19,00:51:00,18.5014542,73.93131634,Very Low,Thursday
2024-09-14,04:26:00,18.60268601,73.94515428,Very High,Saturday
2024-07-03,20:26:00,18.49790686,73.94895166,Very Low,Wednesday
2024-09-27,14:56:00,18.48253727,73.942071,Low,Friday
2024-09-11,19:41:00,18.49400585,73.96618456,High,Wednesday
2024-09-24,11:29:00,18.49787613,73.93990134,High,Tuesday
2024-09-30,13:07:00,18.48381211,73.94629398,Low,Monday
2024-07-04,15:55:00,18.52926006,73.95655742,Moderate,Thursday
2024-07-01,16:31:00,18.51054465,73.94330399,Low,Monday
2024-09-20,01:40:00,18.50120505,73.93096711,Moderate,Friday
2024-09-07,18:28:00,18.47645425,73.94657758,Very High,Saturday
2024-12-11,21:14:00,18.5015823,73.93528,Low,Wednesday
2024-12-04,00:07:00,18.4598672,73.97967183,Very High,Wednesday
2024-12-13,05:47:00,18.50167106,73.93485751,Very Low,Friday
2024-12-17,16:07:00,18.50325065,73.9744865,Very High,Tuesday
2024-10-01,08:26:00,18.49949374,73.92600852,Very High,Tuesday
2024-12-05,11:17:00,18.51011665,73.93811093,Low,Thursday
2024-12-11,20:47:00,18.5015823,73.93528,Low,Wednesday
2024-12-16,23:23:00,18.49406361,73.93261931,Low,Monday
2024-11-30,20:35:00,18.50215016,73.93539984,Low,Saturday
2024-12-12,19:30:00,18.50215016,73.93539984,Very Low,Thursday
2024-12-20,03:29:00,18.48506681,73.93815561,Low,Friday
2024-12-10,01:30:00,18.51313369,73.94581659,Moderate,Tuesday
2024-12-13,04:48:00,18.50066813,73.92906942,Very Low,Friday
2024-12-21,16:07:00,18.50826184,73.9429466,Low,Saturday
2024-12-01,03:07:00,18.50066813,73.92906942,Very Low,Sunday
2024-10-01,22:34:00,18.49222024,73.93212245,Moderate,Tuesday
2024-12-03,23:35:00,18.5092487,73.87902954,Very Low,Tuesday
2024-12-06,00:42:00,18.47656795,73.96068274,Very High,Friday
2024-01-23,01:16:00,18.49831288,73.85808207,Very Low,Tuesday
2024-02-23,23:20:00,18.50009341,73.8692987,Very Low,Friday
2024-02-22,14:57:00,18.49923827,73.85883323,Very Low,Thursday
2024-02-14,22:17:00,18.50009341,73.8692987,Moderate,Wednesday
2024-02-01,01:50:00,18.50009341,73.8692987,Moderate,Thursday
2024-03-23,22:57:00,18.50171726,73.86947458,Very Low,Saturday
2024-03-19,23:42:00,18.50450398,73.85460835,Moderate,Tuesday
2024-02-06,07:46:00,18.49923827,73.85883323,Very Low,Tuesday
2024-01-14,04:05:00,18.47540801,73.80542205,Low,Sunday
2024-01-09,14:00:00,18.50698686,73.78883647,Very High,Tuesday
2024-01-18,18:38:00,18.49923827,73.85883323,Very Low,Thursday
2024-01-24,19:51:00,18.49029219,73.86393821,High,Wednesday
2024-03-17,04:50:00,18.50179712,73.85770543,Low,Sunday
2024-03-25,18:37:00,18.50179712,73.85770543,Very Low,Monday
2024-03-04,00:59:00,18.49684668,73.85796324,Very Low,Monday
2024-01-12,22:31:00,18.49684668,73.85796324,Moderate,Friday
2024-03-07,22:49:00,18.49684668,73.85796324,Low,Thursday
2024-01-26,01:09:00,18.49084893,73.85784018,Very High,Friday
2024-06-09,19:39:00,18.49784823,73.85140081,Very Low,Sunday
2024-04-18,03:40:00,18.49426185,73.86769053,Low,Thursday
2024-04-05,09:19:00,18.51185912,73.84362396,Very Low,Friday
2024-06-14,15:23:00,18.49923827,73.85883323,Moderate,Friday
2024-05-31,22:57:00,18.49923827,73.85883323,Very Low,Friday
2024-06-02,12:09:00,18.50145261,73.86035052,Very Low,Sunday
2024-05-05,22:37:00,18.49505645,73.8678403,Very High,Sunday
2024-05-16,21:49:00,18.53062408,73.86315526,Low,Thursday
2024-06-20,00:05:00,18.48820828,73.87437643,Moderate,Thursday
2024-06-10,03:24:00,18.49426185,73.86769053,High,Monday
2024-06-10,20:56:00,18.50066324,73.85857926,Very Low,Monday
2024-04-02,20:05:00,18.50066324,73.85857926,Very Low,Tuesday
2024-06-11,16:32:00,18.50175287,73.8724072,Very Low,Tuesday
2024-04-26,01:52:00,18.49505645,73.8678403,Low,Friday
2024-05-23,22:46:00,18.49675848,73.87201797,Low,Thursday
2024-06-04,13:02:00,18.50066324,73.85857926,Very Low,Tuesday
2024-09-10,01:43:00,18.49923827,73.85883323,Very Low,Tuesday
2024-09-24,05:16:00,18.49923827,73.85883323,Very Low,Tuesday
2024-07-02,22:54:00,18.50407183,73.85530176,Very Low,Tuesday
2024-09-13,18:52:00,18.50066324,73.85857926,Very Low,Friday
2024-09-22,08:02:00,18.58614511,73.81625113,Very Low,Sunday
2024-08-29,23:40:00,18.49134406,73.86301603,High,Thursday
2024-09-22,23:40:00,18.58614511,73.81625113,Very Low,Sunday
2024-09-26,01:01:00,18.50066324,73.85857926,Very Low,Thursday
2024-09-23,05:33:00,18.58614511,73.81625113,Very Low,Monday
2024-08-30,17:58:00,18.48598764,73.85772614,Moderate,Friday
2024-08-28,08:35:00,18.48598764,73.85772614,Low,Wednesday
2024-09-06,06:45:00,18.49451104,73.86912321,Low,Friday
2024-09-18,19:44:00,18.49667476,73.85686775,Very Low,Wednesday
2024-12-07,18:51:00,18.49972138,73.85821661,Very Low,Saturday
2024-10-02,04:05:00,18.49664868,73.85819515,Low,Wednesday
2024-10-25,17:10:00,18.49664868,73.85819515,Very Low,Friday
2024-10-23,22:40:00,18.49451104,73.86912321,High,Wednesday
2024-10-16,06:52:00,18.49652195,73.87048372,High,Wednesday
2024-11-26,19:54:00,18.49848846,73.85801875,Moderate,Tuesday
2024-10-14,22:58:00,18.49840706,73.85810458,Low,Monday
2024-10-21,23:01:00,18.49719476,73.86924273,Very Low,Monday
2024-10-09,00:20:00,18.50134735,73.86840054,Very Low,Wednesday
2024-11-27,20:05:00,18.5320326,73.85389517,Very Low,Wednesday
2024-12-19,01:30:00,18.33147616,73.22743324,Low,Thursday
2024-11-24,06:25:00,18.49667476,73.85686775,Very Low,Sunday
2024-11-17,04:42:00,18.49426185,73.86769053,Low,Sunday
2024-12-14,15:38:00,18.50028191,73.85872361,Very Low,Saturday
2024-12-16,17:04:00,18.49863337,73.85799929,Very Low,Monday
2024-11-23,12:52:00,25.43408625,81.84384051,Very Low,Saturday
2024-11-02,05:12:00,18.4952599,73.85639092,Low,Saturday
2024-12-13,17:15:00,18.4952599,73.85639092,Very Low,Friday
2024-02-09,22:22:00,18.52546287,73.86763813,Very High,Friday
2024-01-16,07:52:00,18.48780301,73.79504559,Low,Tuesday
2024-02-01,16:05:00,18.472163,73.79238173,High,Thursday
2024-02-10,22:35:00,18.47962937,73.80481819,Low,Saturday
2024-01-30,20:28:00,18.50741341,73.79106096,Very High,Tuesday
2024-02-09,08:44:00,18.48603297,73.8193944,Low,Friday
2024-01-24,03:12:00,18.50161259,73.85390411,Low,Wednesday
2024-01-18,18:40:00,18.48192094,73.80234647,Low,Thursday
2024-01-25,19:50:00,18.48641766,73.81337181,Low,Thursday
2024-03-01,20:21:00,18.47533577,73.79887523,Low,Friday
2024-02-15,22:35:00,18.47342324,73.79295836,Low,Thursday
2024-03-22,22:50:00,18.4841601,73.81101004,Low,Friday
2024-02-18,22:49:00,18.48590246,73.81430808,Low,Sunday
2024-03-22,10:22:00,18.48192094,73.80234647,High,Friday
2024-02-28,08:45:00,18.48192094,73.80234647,Low,Wednesday
2024-03-27,03:16:00,18.48587374,73.79680788,Very High,Wednesday
2024-03-21,20:26:00,18.48388088,73.79087351,Very High,Thursday
2024-06-07,16:31:00,18.50218198,73.79252617,High,Friday
2024-04-10,01:39:00,18.50218198,73.79252617,Very High,Wednesday
2024-04-07,22:52:00,18.48478064,73.8016601,Low,Sunday
2024-06-10,20:42:00,18.48657486,73.79745371,Low,Monday
2024-05-22,19:56:00,18.47666588,73.79812824,Low,Wednesday
2024-05-26,12:46:00,18.48332606,73.79074852,Low,Sunday
2024-04-24,20:37:00,18.52166207,73.84703471,High,Wednesday
2024-05-09,09:39:00,18.47329911,73.80308069,Very High,Thursday
2024-06-20,16:12:00,18.48319608,73.80260717,High,Thursday
2024-04-12,16:56:00,18.48567466,73.81124783,Very High,Friday
2024-06-07,14:59:00,18.48567466,73.81124783,Low,Friday
2024-06-07,14:06:00,18.48604749,73.80302908,Very High,Friday
2024-04-05,08:30:00,18.48641166,73.7968609,Low,Friday
2024-06-07,23:06:00,18.49284469,73.81675088,Low,Friday
2024-05-27,20:25:00,18.48780301,73.79504559,Low,Monday
2024-05-15,00:00:00,18.48602387,73.79698791,High,Wednesday
2024-05-29,11:25:00,18.48628075,73.79676497,Very High,Wednesday
2024-08-29,05:11:00,18.48458464,73.81045323,Moderate,Thursday
2024-08-09,17:24:00,18.50513524,73.80770534,Low,Friday
2024-09-29,00:56:00,18.47358195,73.79485881,Low,Sunday
2024-07-21,23:37:00,18.49041961,73.81221514,Low,Sunday
2024-09-11,01:59:00,18.48560738,73.82114297,Low,Wednesday
2024-09-12,19:55:00,18.48400342,73.8038508,Moderate,Thursday
2024-08-30,20:21:00,18.48395019,73.80841531,Low,Friday
2024-08-11,13:55:00,18.48779736,73.81334271,Very Low,Sunday
2024-07-11,20:08:00,18.4862188,73.81278474,Low,Thursday
2024-07-01,04:03:00,18.4867802,73.81248517,Low,Monday
2024-07-31,08:14:00,18.49236198,73.81498799,Low,Wednesday
2024-09-09,19:32:00,18.48974778,73.7949519,Very Low,Monday
2024-08-16,03:35:00,18.47539556,73.80870265,High,Friday
2024-07-27,12:24:00,18.48658189,73.8154968,Low,Saturday
2024-08-14,22:42:00,18.48378718,73.81013583,Low,Wednesday
2024-07-06,09:50:00,18.46890909,73.77697345,Low,Saturday
2024-07-24,20:25:00,18.48583354,73.7965126,Very Low,Wednesday
2024-07-14,09:00:00,18.48486458,73.81226237,Very Low,Sunday
2024-11-13,05:52:00,18.48718116,73.80653658,Moderate,Wednesday
2024-10-28,22:05:00,18.47710993,73.79723515,Low,Monday
2024-11-18,12:17:00,18.48583063,73.79555983,Very Low,Monday
2024-12-01,19:03:00,18.48825891,73.82151026,Very Low,Sunday
2024-10-01,18:32:00,18.4867694,73.81637824,Very High,Tuesday
2024-10-30,20:37:00,18.52045066,73.84964693,Moderate,Wednesday
2024-11-13,18:40:00,18.48927973,73.81457758,Low,Wednesday
2024-11-26,20:52:00,18.46823575,73.81537296,Low,Tuesday
2024-10-19,20:04:00,18.4822323,73.79579666,Low,Saturday
2024-11-15,19:10:00,18.47584539,73.80154306,Low,Friday
2024-12-14,19:38:00,18.48451196,73.79980423,Low,Saturday
2024-11-07,02:25:00,18.48570182,73.81117728,Low,Thursday
2024-11-18,16:37:00,18.49690166,73.82381533,Low,Monday
2024-12-20,00:03:00,18.48060113,73.80224303,Low,Friday
2024-10-19,21:04:00,18.498191,73.82631411,Very Low,Saturday
2024-10-17,02:55:00,18.48687851,73.79842408,Low,Thursday
2024-10-22,12:52:00,18.48732208,73.82576315,Low,Tuesday
2024-10-30,11:27:00,18.48555881,73.79627656,Moderate,Wednesday
2023-01-06,14:54:00,18.46393795,73.86839248,Low,Friday
2023-01-07,20:54:00,18.46863203,73.87732584,Low,Saturday
2023-01-09,22:43:00,18.48066602,73.87155043,Low,Monday
2023-01-09,23:47:00,18.46453573,73.8710216,Low,Monday
2023-01-09,19:21:00,18.46116623,73.87059186,Low,Monday
2023-01-10,01:28:00,18.4689746,73.86481362,Low,Tuesday
2023-01-11,22:17:00,18.47583978,73.86856021,Low,Wednesday
2023-01-15,19:25:00,18.47934107,73.86184947,Low,Sunday
2023-01-20,02:06:00,18.46020286,73.87278282,Very Low,Friday
2023-01-20,03:01:00,18.50775379,73.85577453,Very Low,Friday
2023-01-23,20:16:00,18.46984553,73.8613687,Very Low,Monday
2023-01-27,00:01:00,18.46164852,73.86745113,Low,Friday
2023-01-30,23:52:00,18.4640499,73.86513364,Very High,Monday
2023-02-02,00:59:00,18.47609779,73.87576953,High,Thursday
2023-02-02,01:23:00,18.46829657,73.86240029,High,Thursday
2023-02-04,01:00:00,18.48691608,73.8581371,High,Saturday
2023-02-15,23:14:00,18.47856251,73.86256729,Very Low,Wednesday
2023-02-16,01:54:00,18.46790706,73.86828114,Very Low,Thursday
2023-02-22,05:21:00,18.47125813,73.87562926,Moderate,Wednesday
2023-02-27,16:13:00,18.4562493,73.87202932,Very Low,Monday
2023-03-07,15:35:00,18.47653331,73.85850017,Low,Tuesday
2023-03-09,22:04:00,18.46213628,73.86738995,Low,Thursday
2023-03-18,18:42:00,18.44730957,73.88080293,Very High,Saturday
2023-03-21,18:56:00,18.45718298,73.87381513,High,Tuesday
2023-03-27,16:39:00,18.46338931,73.87527816,Very Low,Monday
2023-03-27,23:15:00,18.47236617,73.88168117,Low,Monday
2023-04-25,13:59:00,18.46401277,73.86576136,Moderate,Tuesday
2023-04-29,01:06:00,18.46056442,73.86918692,Low,Saturday
2023-05-02,19:38:00,18.47159874,73.86344171,Low,Tuesday
2023-05-03,20:32:00,18.46572399,73.8627022,Moderate,Wednesday
2023-05-11,18:59:00,18.45998248,73.87214449,Very Low,Thursday
2023-05-11,15:56:00,18.46895484,73.86173475,Low,Thursday
2023-05-13,19:33:00,18.46517558,73.86701393,Low,Saturday
2023-05-31,17:23:00,18.45567374,73.87093493,High,Wednesday
2023-06-08,19:13:00,18.46316054,73.86759209,Low,Thursday
2023-06-23,19:42:00,18.4610194,73.8729822,Moderate,Friday
2023-06-27,03:37:00,18.46107001,73.86942832,High,Tuesday
2023-06-30,18:02:00,18.47658453,73.85965894,Low,Friday
2023-07-03,14:17:00,18.48046797,73.87381504,High,Monday
2023-07-03,21:07:00,18.46901894,73.87023133,Very Low,Monday
2023-07-05,18:59:00,18.46121328,73.88025251,Low,Wednesday
2023-07-05,18:36:00,18.47139159,73.86574868,Low,Wednesday
2023-07-06,16:36:00,18.47233928,73.86344855,Low,Thursday
2023-07-07,23:13:00,18.4610766,73.86904979,Very High,Friday
2023-07-08,18:48:00,18.46670117,73.87663796,Low,Saturday
2023-07-12,23:21:00,18.45721955,73.87531443,High,Wednesday
2023-07-17,14:29:00,18.4630909,73.86618295,Moderate,Monday
2023-07-17,03:23:00,18.47165144,73.86677129,Moderate,Monday
2023-07-20,19:07:00,18.47196956,73.86416383,Low,Thursday
2023-07-26,17:08:00,18.46163431,73.86628711,Very Low,Wednesday
2023-08-01,15:23:00,18.46434137,73.87061735,Low,Tuesday
2023-08-03,19:59:00,18.46585128,73.87280642,Very Low,Thursday
2023-08-20,21:07:00,18.47668894,73.86378611,Low,Sunday
2023-09-04,07:44:00,18.47343181,73.86593181,Moderate,Monday
2023-09-05,21:04:00,18.46930661,73.87010109,Low,Tuesday
2023-09-13,22:41:00,18.46422095,73.86507118,Low,Wednesday
2023-09-14,03:57:00,18.4642082,73.86497337,Very Low,Thursday
2023-09-17,22:46:00,18.46941795,73.86771995,High,Sunday
2023-09-17,02:00:00,18.46446023,73.86691628,Very Low,Sunday
2023-09-19,23:21:00,18.46629638,73.86883427,Low,Tuesday
2023-09-21,22:13:00,18.47701328,73.85749097,Low,Thursday
2023-10-08,21:01:00,18.47232061,73.87499875,Low,Sunday
2023-10-10,01:08:00,18.473013,73.87138422,Low,Tuesday
2023-10-20,01:36:00,18.46191633,73.87449059,Low,Friday
2023-10-22,17:04:00,18.46994955,73.86383045,Low,Sunday
2023-10-26,09:12:00,18.46138414,73.8726932,Very Low,Thursday
2023-10-28,18:27:00,18.46155289,73.86628711,Moderate,Saturday
2023-10-29,22:30:00,18.46816954,73.87043602,Low,Sunday
2023-11-06,15:48:00,18.46271617,73.86248734,High,Monday
2023-11-13,23:58:00,18.46740746,73.87199802,Very Low,Monday
2023-11-17,15:43:00,18.4720116,73.8613526,Very Low,Friday
2023-11-19,22:27:00,18.46072845,73.86647412,High,Sunday
2023-12-02,07:51:00,18.46233984,73.87644577,Very Low,Saturday
2023-12-02,22:55:00,18.4650762,73.86917134,Moderate,Saturday
2023-12-08,16:48:00,18.46824949,73.87020548,Low,Friday
2023-12-13,14:46:00,18.45818486,73.86652321,Low,Wednesday
2023-12-14,20:19:00,18.47839422,73.86215645,Low,Thursday
2023-12-23,23:57:00,18.46127853,73.8676585,Moderate,Saturday
2023-12-27,00:28:00,18.46108391,73.86925083,Very Low,Wednesday
2024-01-06,21:11:00,18.46265379,73.86736326,High,Saturday
2024-01-08,23:41:00,18.46561536,73.86726267,Low,Monday
2024-01-20,00:58:00,18.46038233,73.86377897,Very Low,Saturday
2024-01-22,22:32:00,18.46107384,73.87280468,Very Low,Monday
2024-01-24,00:21:00,18.46533592,73.87350562,Very Low,Wednesday
2024-02-02,01:46:00,18.47483747,73.87328334,Very Low,Friday
2024-02-11,17:43:00,18.46661866,73.86309877,Low,Sunday
2024-02-15,19:18:00,18.46798509,73.86371147,Very Low,Thursday
2024-02-16,15:23:00,18.46100562,73.86719371,Very Low,Friday
2024-02-18,21:11:00,18.45652802,73.87080594,Very Low,Sunday
2024-02-22,02:22:00,18.4656614,73.86446745,High,Thursday
2024-02-27,00:01:00,18.46660941,73.87666266,Very Low,Tuesday
2024-03-02,07:33:00,18.46837182,73.86994423,Moderate,Saturday
2024-03-02,05:09:00,18.46430984,73.8669206,Moderate,Saturday
2024-03-09,18:40:00,18.46660941,73.87666266,Very Low,Saturday
2024-03-15,19:40:00,18.47021933,73.87469298,Very Low,Friday
2024-03-21,20:25:00,18.46764993,73.87440315,High,Thursday
2024-03-31,15:42:00,18.47513968,73.86861414,Low,Sunday
2024-04-02,20:26:00,18.47514918,73.86133817,High,Tuesday
2024-04-03,22:39:00,18.48165211,73.87634082,Moderate,Wednesday
2024-04-06,00:06:00,18.46094308,73.86940801,High,Saturday
2024-04-06,19:37:00,18.46209326,73.86867825,Very Low,Saturday
2024-04-07,02:25:00,18.46062471,73.87287891,Very Low,Sunday
2024-04-08,01:07:00,18.47233061,73.86326342,Moderate,Monday
2024-04-11,22:58:00,18.46189712,73.86736305,Moderate,Thursday
2024-04-11,03:50:00,18.46193699,73.86726028,Very Low,Thursday
2024-04-20,02:45:00,18.45929694,73.86942016,Low,Saturday
2024-05-01,00:44:00,18.47464066,73.86261291,High,Wednesday
2024-05-06,15:14:00,18.47121143,73.86542587,Low,Monday
2024-05-09,19:58:00,18.46910949,73.86508274,Moderate,Thursday
2024-05-10,19:36:00,18.47311966,73.86517553,Very High,Friday
2024-05-16,16:10:00,18.48021842,73.87545065,Low,Thursday
2024-05-19,16:28:00,18.48021842,73.87545065,Very Low,Sunday
2024-05-20,14:06:00,18.48021842,73.87545065,Low,Monday
2024-05-22,01:46:00,18.46347889,73.86738465,Low,Wednesday
2024-05-25,02:05:00,18.47108026,73.86654498,Moderate,Saturday
2024-06-07,21:42:00,18.46797214,73.87055562,Low,Friday
2024-06-07,19:39:00,18.46917422,73.86288878,Very Low,Friday
2024-06-08,20:28:00,18.46535363,73.86387213,Very Low,Saturday
2024-06-11,01:34:00,18.4702241,73.86708203,Moderate,Tuesday
2024-06-12,20:10:00,18.4622542,73.87540615,Low,Wednesday
2024-06-19,18:50:00,18.48021842,73.87545065,Low,Wednesday
2024-06-30,12:53:00,18.45350056,73.87187915,Very High,Sunday
2024-07-11,15:01:00,18.46950975,73.86397434,High,Thursday
2024-07-16,01:54:00,18.45560092,73.8708964,Very Low,Tuesday
2024-07-26,18:54:00,18.48213511,73.86076285,Very High,Friday
2024-07-29,18:18:00,18.46138756,73.8662147,Very Low,Monday
2024-07-31,20:52:00,18.46112488,73.87145154,Very High,Wednesday
2024-08-05,23:14:00,18.46109003,73.87621944,Very Low,Monday
2024-08-08,02:01:00,18.4684891,73.8731644,Very Low,Thursday
2024-08-12,21:36:00,18.46352167,73.8629825,Moderate,Monday
2024-08-14,01:11:00,18.46107464,73.86563584,High,Wednesday
2024-08-14,02:01:00,18.46246907,73.86553414,Very Low,Wednesday
2024-08-22,19:20:00,18.46308785,73.86564641,Very High,Thursday
2024-09-06,03:01:00,18.46077004,73.86534469,Very Low,Friday
2024-09-07,00:38:00,18.46340729,73.86542663,Very Low,Saturday
2024-09-09,22:59:00,18.47131088,73.86372022,Low,Monday
2024-09-10,00:55:00,18.45849057,73.86946648,Very Low,Tuesday
2024-09-12,01:39:00,18.48245309,73.86111463,Low,Thursday
2024-09-19,22:06:00,18.46878703,73.86642756,High,Thursday
2024-09-23,17:19:00,18.46856427,73.8625189,Very Low,Monday
2024-09-30,23:17:00,18.44669433,73.86697119,Low,Monday
2024-10-01,22:46:00,18.46811135,73.86676536,High,Tuesday
2024-10-03,20:13:00,18.46119938,73.86064598,Very High,Thursday
2024-10-08,00:29:00,18.45979612,73.86915098,Very Low,Tuesday
2024-10-13,20:25:00,18.46403574,73.86456378,Very Low,Sunday
2024-10-16,20:33:00,18.46982567,73.86248891,Very High,Wednesday
2024-10-20,03:30:00,18.46222685,73.87636832,Very Low,Sunday
2024-10-22,22:31:00,18.48397496,73.8594901,Very Low,Tuesday
2024-11-11,20:43:00,18.4866235,73.87062377,Low,Monday
2024-11-14,01:04:00,18.50210302,73.85420768,Very Low,Thursday
2024-11-14,04:06:00,18.46003503,73.87241,Very Low,Thursday
2024-11-17,16:35:00,18.47539519,73.85824125,Very Low,Sunday
2024-11-17,00:40:00,18.46138072,73.8676239,Moderate,Sunday
2024-11-18,17:49:00,18.46183331,73.87093009,Low,Monday
2024-11-25,18:50:00,18.46335027,73.8704669,Very Low,Monday
2024-11-27,20:29:00,18.47797395,73.86221687,Low,Wednesday
2024-11-28,18:18:00,18.46897128,73.86232268,High,Thursday
2024-11-29,17:47:00,18.46855305,73.86400303,Low,Friday
2024-12-08,18:29:00,18.4676636,73.86421181,Very Low,Sunday
2024-12-11,00:27:00,18.4790319,73.85786181,Very Low,Wednesday
2024-12-11,19:54:00,18.46761019,73.86462076,Very Low,Wednesday
2024-12-11,00:07:00,18.47891996,73.8578189,Very Low,Wednesday
2024-12-12,20:47:00,18.46339328,73.86508481,Very Low,Thursday
2024-12-12,21:04:00,18.47666655,73.85716348,Very Low,Thursday
2024-12-12,20:27:00,18.47721588,73.85754464,Very Low,Thursday
2024-12-24,17:13:00,18.4758591,73.87561281,Moderate,Tuesday
2024-12-26,21:48:00,18.46184303,73.87255309,Low,Thursday
2024-12-28,00:04:00,18.46679378,73.86180362,Low,Saturday
2024-12-30,23:16:00,18.46509003,73.87238189,Low,Monday
2023-01-02,16:21:00,18.45317301,73.91494906,Moderate,Monday
2023-01-09,19:48:00,18.46253259,73.88265163,High,Monday
2023-01-09,14:59:00,18.46814734,73.88761856,Low,Monday
2023-01-10,00:02:00,18.44937477,73.9046702,Very High,Tuesday
2023-01-14,18:54:00,18.45376549,73.88930547,Low,Saturday
2023-01-14,01:11:00,18.45178316,73.91535774,Moderate,Saturday
2023-01-17,20:19:00,18.46602626,73.87765111,Very High,Tuesday
2023-01-22,23:12:00,18.48156449,73.87545241,Moderate,Sunday
2023-01-24,22:38:00,18.44777222,73.87050107,Low,Tuesday
2023-01-25,01:15:00,18.45433698,73.90661525,Moderate,Wednesday
2023-02-07,00:51:00,18.4598412,73.88601378,Very High,Tuesday
2023-02-07,01:25:00,18.45798976,73.88284205,Low,Tuesday
2023-02-10,00:16:00,18.4713917,73.88284168,Low,Friday
2023-02-10,20:33:00,18.4549,73.8758,Low,Friday
2023-02-16,20:28:00,18.52309847,73.87654546,Low,Thursday
2023-02-18,13:12:00,18.4524742,73.89011586,Low,Saturday
2023-02-22,17:50:00,18.46300986,73.88328882,Low,Wednesday
2023-02-23,21:30:00,18.46051622,73.90053227,Low,Thursday
2023-02-25,09:01:00,18.47804017,73.90627714,High,Saturday
2023-02-26,19:27:00,18.47609624,73.88622365,Low,Sunday
2023-03-01,16:05:00,18.47297844,73.89292786,Low,Wednesday
2023-03-06,00:29:00,18.4727421,73.88593402,High,Monday
2023-03-07,22:29:00,18.46633717,73.88017567,High,Tuesday
2023-03-16,16:01:00,18.47410064,73.89298391,Low,Thursday
2023-03-17,20:28:00,18.47605402,73.91522144,Moderate,Friday
2023-03-17,23:01:00,18.47263542,73.8928944,High,Friday
2023-03-19,03:18:00,18.53992239,73.79528008,Low,Sunday
2023-04-02,04:58:00,18.47252487,73.91015832,Very High,Sunday
2023-04-03,02:57:00,18.47576169,73.8876831,Very High,Monday
2023-04-09,23:05:00,18.47576169,73.8876831,Moderate,Sunday
2023-04-09,16:18:00,18.4794354,73.88967948,High,Sunday
2023-04-13,01:22:00,18.48934329,73.86547448,Low,Thursday
2023-04-16,13:17:00,18.45048522,73.86899977,High,Sunday
2023-04-19,21:09:00,18.42726191,73.91934488,Moderate,Wednesday
2023-04-27,19:56:00,18.44977493,73.90352225,Low,Thursday
2023-05-02,16:18:00,18.43834826,73.91730101,High,Tuesday
2023-05-02,16:40:00,18.47416552,73.89197298,Very Low,Tuesday
2023-05-09,20:28:00,18.43214553,73.89387652,High,Tuesday
2023-05-13,20:21:00,18.4584559,73.88643545,High,Saturday
2023-05-14,18:10:00,18.45911923,73.91228594,Very High,Sunday
2023-05-21,23:52:00,18.46971232,73.88894035,High,Sunday
2023-05-29,22:52:00,18.46767349,73.87967996,Moderate,Monday
2023-05-30,03:34:00,18.45699263,73.87920106,Very High,Tuesday
2023-06-02,14:17:00,18.45183627,73.87509187,Low,Friday
2023-06-07,15:58:00,18.47994188,73.89037459,Moderate,Wednesday
2023-06-09,19:02:00,18.47933682,73.90649182,Low,Friday
2023-06-09,18:33:00,18.46772318,73.89106553,Low,Friday
2023-06-10,20:20:00,18.4523845,73.8913588,High,Saturday
2023-06-11,05:00:00,18.44856875,73.87547854,Very High,Sunday
2023-06-12,16:29:00,18.43438677,73.88716846,Low,Monday
2023-06-13,23:57:00,18.47769757,73.88903412,Very High,Tuesday
2023-06-15,16:39:00,18.46628001,73.90449437,Moderate,Thursday
2023-06-16,18:14:00,18.47498044,73.89914151,Low,Friday
2023-06-19,23:19:00,18.45229064,73.87473483,High,Monday
2023-06-21,22:42:00,18.46267747,73.88295358,Moderate,Wednesday
2023-06-22,18:48:00,18.47234376,73.91368807,Very High,Thursday
2023-06-26,21:05:00,18.44822244,73.87353653,Low,Monday
2023-06-29,06:18:00,18.4723998,73.88315497,High,Thursday
2023-07-03,04:55:00,18.45172549,73.86990959,Very High,Monday
2023-07-04,04:29:00,18.46579809,73.88493791,Very High,Tuesday
2023-07-04,02:59:00,18.47569823,73.89305508,Low,Tuesday
2023-07-06,18:50:00,18.43325567,73.88564055,Low,Thursday
2023-07-12,19:31:00,18.48301995,73.89901023,Moderate,Wednesday
2023-07-16,12:46:00,18.48073292,73.89032425,Low,Sunday
2023-07-16,17:24:00,18.47478182,73.88613273,Low,Sunday
2023-07-27,15:04:00,18.48747092,73.90285476,Low,Thursday
2023-07-30,00:23:00,18.4650311,73.9083804,High,Sunday
2023-08-01,20:59:00,18.47154975,73.90943346,Very High,Tuesday
2023-08-15,02:29:00,18.45408144,73.90290385,Moderate,Tuesday
2023-08-19,19:19:00,18.4808167,73.89248404,Low,Saturday
2023-08-24,16:45:00,18.48026097,73.89945031,Low,Thursday
2023-08-27,00:57:00,18.44529494,73.89316735,Low,Sunday
2023-08-29,13:40:00,18.48002091,73.91891898,High,Tuesday
2023-09-03,02:04:00,18.44685633,73.87993623,Very High,Sunday
2023-09-10,20:54:00,18.48027386,73.91077064,Low,Sunday
2023-09-12,15:47:00,18.45169492,73.87505294,Very High,Tuesday
2023-09-16,08:39:00,18.46301216,73.88960289,High,Saturday
2023-09-17,02:51:00,18.47102901,73.8900503,Very Low,Sunday
2023-09-19,23:44:00,18.4775159,73.91634358,Very High,Tuesday
2023-10-01,00:44:00,18.46476147,73.85627016,Low,Sunday
2023-10-04,19:27:00,18.46047784,73.88058392,High,Wednesday
2023-10-05,21:59:00,18.47200813,73.88807844,Low,Thursday
2023-10-10,13:11:00,18.45156044,73.91757856,Moderate,Tuesday
2023-10-11,22:35:00,18.45460722,73.91196074,Moderate,Wednesday
2023-10-12,22:13:00,18.47266088,73.88869601,Low,Thursday
2023-10-18,03:40:00,18.46884659,73.89207229,Moderate,Wednesday
2023-10-20,23:31:00,18.43724781,73.89244108,Low,Friday
2023-10-20,00:04:00,18.46635509,73.87802835,High,Friday
2023-10-23,19:04:00,18.46635509,73.87802835,High,Monday
2023-10-30,14:35:00,18.46283386,73.88285125,Low,Monday
2023-10-07,18:36:00,18.47879066,73.87331289,Very Low,Saturday
2023-09-18,22:16:00,18.48404029,73.86630384,High,Monday
2023-09-12,02:09:00,18.48925075,73.86718395,Very Low,Tuesday
2023-11-29,18:10:00,18.48701649,73.86798522,Very Low,Wednesday
2023-04-16,16:58:00,18.48945635,73.8639036,Very Low,Sunday
2023-10-05,17:09:00,18.48952838,73.86709398,Very Low,Thursday
2023-09-01,00:46:00,18.48353841,73.86729088,Very Low,Friday
2023-05-17,13:36:00,18.47542664,73.87394985,Moderate,Wednesday
2023-01-01,05:25:00,18.47272996,73.87453687,Very Low,Sunday
2023-02-09,18:37:00,18.48715063,73.86510187,Very Low,Thursday
2023-08-04,00:35:00,18.4848791,73.8688555,Very Low,Friday
2023-04-11,20:07:00,18.4883658,73.85806878,Low,Tuesday
2023-03-16,20:46:00,18.48941436,73.86574191,Very Low,Thursday
2023-01-12,01:34:00,18.48894225,73.85815754,Very Low,Thursday
2023-04-12,05:57:00,18.48763584,73.88754004,Low,Wednesday
2023-04-02,22:37:00,18.48857891,73.86820056,Very Low,Sunday
2023-02-26,12:57:00,18.47261727,73.87452443,High,Sunday
2023-03-26,11:49:00,18.48748339,73.87070237,Very Low,Sunday
2023-06-27,20:12:00,18.48436661,73.86629306,Moderate,Tuesday
2023-10-17,20:32:00,18.49002064,73.86411183,Low,Tuesday
2023-05-08,17:09:00,18.48466395,73.86475237,Very Low,Monday
2023-08-24,22:27:00,18.48109707,73.86491393,Very Low,Thursday
2023-03-06,21:26:00,18.48826361,73.86830696,Very Low,Monday
2023-08-31,23:20:00,18.48152379,73.87543095,Low,Thursday
2023-10-25,13:08:00,18.48974267,73.86393734,Moderate,Wednesday
2023-02-08,18:11:00,18.48309966,73.86855925,Very Low,Wednesday
2023-05-07,21:35:00,18.48501293,73.86624321,Very Low,Sunday
2023-02-15,23:15:00,18.48499636,73.86428567,Very Low,Wednesday
2023-05-23,22:07:00,18.48930621,73.86805397,Very Low,Tuesday
2023-07-06,14:20:00,18.49271145,73.87049116,Moderate,Thursday
2023-04-04,00:33:00,18.47176246,73.87495224,Very Low,Tuesday
2023-09-09,03:20:00,18.48520334,73.87366624,Very Low,Saturday
2023-09-04,07:45:00,18.49039021,73.8701371,Very Low,Monday
2023-01-19,19:18:00,18.47673089,73.87392328,High,Thursday
2023-05-21,20:42:00,18.48730388,73.86979883,Very Low,Sunday
2023-06-08,19:41:00,18.48937789,73.86367368,Very Low,Thursday
2023-04-27,07:36:00,18.48393556,73.86615219,Moderate,Thursday
2023-03-07,21:19:00,18.48359096,73.87066828,Very High,Tuesday
2023-06-01,22:18:00,18.49404339,73.85761073,Very Low,Thursday
2023-04-20,00:39:00,18.48132591,73.8751055,Very Low,Thursday
2023-02-03,17:22:00,18.48305312,73.86342969,Very Low,Friday
2023-11-24,23:02:00,18.48430725,73.86629891,Very Low,Friday
2023-04-04,22:53:00,18.47904023,73.85364718,Low,Tuesday
2023-03-21,01:13:00,18.47568561,73.87530551,Very Low,Tuesday
2023-09-22,17:21:00,18.48907055,73.86555706,Very Low,Friday
2023-03-30,08:26:00,18.52766872,73.87350336,High,Thursday
2023-11-12,12:37:00,18.48544473,73.86772917,Low,Sunday
2023-03-04,13:38:00,18.4822495,73.87645873,Very Low,Saturday
2023-03-29,11:56:00,18.48487311,73.86711923,Very Low,Wednesday
2023-01-12,20:34:00,18.48321393,73.87183425,Low,Thursday
2023-03-10,08:08:00,18.47261727,73.87452443,High,Friday
2023-05-06,01:03:00,18.48952939,73.86394747,High,Saturday
2023-02-07,13:58:00,18.4842122,73.86516686,Low,Tuesday
2023-09-12,01:54:00,18.48362355,73.86729643,Very Low,Tuesday
2023-01-19,18:41:00,18.48794751,73.86669862,Very Low,Thursday
2023-07-20,16:59:00,18.48715423,73.86077318,Low,Thursday
2023-04-29,19:03:00,18.48955433,73.86379953,Very Low,Saturday
2023-10-16,14:37:00,18.473467,73.86712329,Moderate,Monday
2023-07-07,23:17:00,18.48588394,73.86608593,Very Low,Friday
2023-12-20,22:49:00,18.48187046,73.87060053,Very Low,Wednesday
2023-07-04,05:58:00,18.48377003,73.86423377,Very Low,Tuesday
2023-05-18,16:02:00,18.48090851,73.87603999,Very Low,Thursday
2023-06-09,15:01:00,18.48289442,73.86850002,Low,Friday
2023-08-05,03:01:00,18.4937545,73.8754443,Low,Saturday
2023-05-29,17:33:00,18.46173947,73.86577546,Very Low,Monday
2023-08-17,14:49:00,18.48942291,73.8669987,Very Low,Thursday
2023-07-14,20:07:00,18.48368526,73.86422854,Very Low,Friday
2023-11-28,11:49:00,18.4849969,73.86402587,Very Low,Tuesday
2023-09-17,16:57:00,18.487953,73.86519057,Very Low,Sunday
2023-05-14,12:39:00,18.48637403,73.86567349,Moderate,Sunday
2024-06-15,12:33:00,18.48059319,73.87604404,Low,Saturday
2024-10-03,01:48:00,18.48924281,73.86829171,Very Low,Thursday
2024-03-15,21:45:00,18.47979297,73.87559425,Very High,Friday
2024-05-05,15:09:00,18.48259529,73.87036015,Very Low,Sunday
2024-08-06,17:30:00,18.48418707,73.8675531,Very Low,Tuesday
2024-12-28,23:34:00,18.48527615,73.87132693,Low,Saturday
2024-07-06,00:57:00,18.48100992,73.87197976,Very Low,Saturday
2024-10-28,01:53:00,18.48345258,73.86664532,Very Low,Monday
2024-12-27,16:46:00,18.48156771,73.87072273,Low,Friday
2024-01-30,08:23:00,18.48723318,73.86895708,Very Low,Tuesday
2024-02-24,06:43:00,18.47803886,73.87557231,Very High,Saturday
2024-04-20,23:25:00,18.48413207,73.86689591,Very Low,Saturday
2024-02-13,19:51:00,18.48416076,73.86738252,Moderate,Tuesday
2024-09-16,18:17:00,18.47569255,73.87413607,Low,Monday
2024-10-21,14:04:00,18.47687654,73.88100475,Very High,Monday
2024-12-30,13:46:00,18.48917809,73.86305136,Very Low,Monday
2024-02-28,16:20:00,18.48117374,73.87504066,Low,Wednesday
2024-12-29,22:28:00,18.48920363,73.86369943,Very Low,Sunday
2024-01-30,06:56:00,18.48089789,73.87585671,Very High,Tuesday
2024-11-07,01:59:00,18.48340001,73.866598,Very Low,Thursday
2024-06-18,15:34:00,18.48399258,73.86697923,Low,Tuesday
2024-08-05,18:49:00,18.48900598,73.86527649,Very Low,Monday
2024-11-05,02:57:00,18.48417764,73.86709776,Very Low,Tuesday
2024-10-17,20:54:00,18.48898508,73.85788922,Low,Thursday
2024-06-12,22:47:00,18.48082996,73.87236084,Very Low,Wednesday
2024-01-20,00:32:00,18.48555714,73.87112621,Very Low,Saturday
2024-06-01,22:29:00,18.4894669,73.86928982,Very Low,Saturday
2024-04-12,22:30:00,18.4879287,73.86642602,Very Low,Friday
2024-08-04,21:13:00,18.48924578,73.8675785,Very Low,Sunday
2024-10-25,15:23:00,18.48570329,73.86493564,Low,Friday
2024-02-05,23:08:00,18.4810358,73.87230851,Low,Monday
2024-02-12,19:49:00,18.48352735,73.86622917,Very Low,Monday
2024-01-27,21:09:00,18.48371367,73.87045512,Very Low,Saturday
2024-03-31,09:49:00,18.48396857,73.86696779,Moderate,Sunday
2024-05-09,23:19:00,18.48998448,73.86638785,Very Low,Thursday
2024-06-09,19:12:00,18.48104074,73.87609208,Low,Sunday
2024-10-24,00:34:00,18.48420683,73.86688396,Very Low,Thursday
2024-07-06,17:10:00,18.48949243,73.86269198,Very Low,Saturday
2024-09-12,00:02:00,18.48327777,73.87145002,High,Thursday
2024-06-23,22:13:00,18.48941447,73.86456009,Low,Sunday
2024-01-14,16:33:00,18.48329163,73.86571774,Very Low,Sunday
2024-05-10,07:29:00,18.48894251,73.86665622,Very Low,Friday
2024-02-29,17:03:00,18.48853793,73.86477211,High,Thursday
2024-04-10,04:19:00,18.49029474,73.86399917,Very Low,Wednesday
2024-02-19,16:43:00,18.48499987,73.86406868,Very High,Monday
2024-02-20,22:27:00,18.48616342,73.8611823,Low,Tuesday
2024-11-30,16:20:00,18.48316987,73.86784567,Low,Saturday
2024-06-26,04:32:00,18.48061201,73.87580458,Moderate,Wednesday
2024-06-12,17:42:00,18.49305311,73.86935343,Very Low,Wednesday
2024-04-18,21:23:00,18.4858978,73.86708056,Very Low,Thursday
2024-02-05,08:52:00,18.48959238,73.86104234,Very Low,Monday
2024-10-18,00:32:00,18.48251417,73.8797307,Moderate,Friday
2024-04-09,00:14:00,18.4850025,73.86471254,Very Low,Tuesday
2024-02-15,23:39:00,18.48704314,73.86459337,Moderate,Thursday
2024-06-30,00:19:00,18.48341569,73.86339205,Very Low,Sunday
2024-06-26,18:52:00,18.48359428,73.86008122,Low,Wednesday
2024-09-07,17:35:00,18.48373174,73.86751619,Low,Saturday
2024-05-01,23:12:00,18.48136645,73.87208204,High,Wednesday
2024-03-15,20:33:00,18.48907292,73.86628574,Very Low,Friday
2024-07-06,21:16:00,18.4893952,73.86521671,Very Low,Saturday
2024-12-24,18:19:00,18.48330549,73.87203273,Low,Tuesday
2024-08-15,05:20:00,18.48401056,73.85939332,Very Low,Thursday
2024-01-24,15:49:00,18.48182287,73.86481818,Low,Wednesday
2024-03-17,23:57:00,18.47776672,73.87569835,Moderate,Sunday
2024-06-28,05:41:00,18.47895576,73.87406473,High,Friday
2024-11-17,14:27:00,18.48433224,73.86662722,Very Low,Sunday
2024-06-02,18:40:00,18.48056261,73.86987711,Low,Sunday
2024-06-18,16:06:00,18.48931861,73.86477716,Very Low,Tuesday
2024-07-25,01:19:00,18.48970297,73.87157644,Very Low,Thursday
2024-05-09,16:37:00,18.48998448,73.86638785,Very Low,Thursday
2023-01-03,02:19:00,18.52513789,73.85345,Low,Tuesday
2023-01-10,15:09:00,18.52742228,73.85561358,Low,Tuesday
2023-01-10,16:01:00,18.53461472,73.8388281,Low,Tuesday
2023-01-12,17:16:00,18.52514778,73.85394112,Very Low,Thursday
2023-01-12,01:52:00,18.53514319,73.84765034,Low,Thursday
2023-01-16,09:35:00,18.53514319,73.84765034,Very High,Monday
2023-01-17,23:20:00,18.53530626,73.84695356,High,Tuesday
2023-01-20,18:13:00,18.53530626,73.84695356,Low,Friday
2023-01-23,23:02:00,18.53001419,73.84779243,High,Monday
2023-01-26,19:12:00,18.52306995,73.85432384,Very Low,Thursday
2023-01-31,19:08:00,18.52500282,73.85362647,Low,Tuesday
2023-02-02,20:56:00,18.53221497,73.84273663,Moderate,Thursday
2023-02-03,23:41:00,18.52044386,73.84382415,Very High,Friday
2023-02-06,17:55:00,18.52903535,73.8542682,Low,Monday
2023-02-06,18:35:00,18.52745284,73.8557209,Low,Monday
2023-02-07,22:43:00,18.52513789,73.85345,Low,Tuesday
2023-02-08,16:27:00,18.52286765,73.8513735,Low,Wednesday
2023-02-08,22:36:00,18.52756724,73.85181332,Very Low,Wednesday
2023-02-17,20:45:00,18.53173933,73.85112449,Low,Friday
2023-02-17,13:19:00,18.52411687,73.85535404,Low,Friday
2023-02-21,04:47:00,18.52756724,73.85181332,Very Low,Tuesday
2023-02-25,20:24:00,18.53179906,73.84750761,Very Low,Saturday
2023-02-25,22:05:00,18.53179906,73.84750761,Low,Saturday
2023-02-25,03:54:00,18.53385352,73.84261794,Very Low,Saturday
2023-03-10,20:13:00,18.52936058,73.85295492,Moderate,Friday
2023-03-13,15:06:00,18.52305994,73.85457338,Low,Monday
2023-03-13,16:51:00,18.52395517,73.85533513,Low,Monday
2023-03-14,11:19:00,18.52436069,73.8514102,Moderate,Tuesday
2023-03-17,23:01:00,18.52892063,73.85412653,Low,Friday
2023-03-21,18:40:00,18.52278271,73.85504264,Low,Tuesday
2023-04-03,01:50:00,18.54184218,73.83357896,Moderate,Monday
2023-04-03,20:13:00,18.53440967,73.83893072,Low,Monday
2023-04-11,23:37:00,18.52725517,73.85158564,Very Low,Tuesday
2023-04-13,20:23:00,18.52635406,73.84598425,Very Low,Thursday
2023-04-14,02:11:00,18.5318813,73.85434488,Very High,Friday
2023-04-14,19:02:00,18.53159173,73.84198421,Very Low,Friday
2023-04-20,22:33:00,18.78617794,73.81748462,Moderate,Thursday
2023-04-22,12:01:00,18.52975727,73.85123829,Very Low,Saturday
2023-04-30,13:01:00,18.52977784,73.84030195,Very Low,Sunday
2023-05-02,01:56:00,18.52513789,73.85345,Very Low,Tuesday
2023-05-04,16:52:00,18.52759102,73.85072432,High,Thursday
2023-05-05,18:14:00,18.52409275,73.84694757,Very Low,Friday
2023-05-11,23:09:00,18.52751716,73.85121614,Moderate,Thursday
2023-05-16,14:29:00,18.53013557,73.85209588,Very Low,Tuesday
2023-05-17,14:36:00,18.52484416,73.84079595,High,Wednesday
2023-05-23,22:22:00,18.52948265,73.85290128,Very Low,Tuesday
2023-05-28,01:51:00,18.53019964,73.85297667,High,Sunday
2023-06-08,20:31:00,18.52460164,73.85428461,Low,Thursday
2023-06-13,15:05:00,18.53027326,73.84963409,Very Low,Tuesday
2023-06-23,18:19:00,18.52352935,73.84993182,Very Low,Friday
2023-06-25,19:42:00,18.53255275,73.83754891,Low,Sunday
2023-06-28,17:06:00,18.53247655,73.83793941,High,Wednesday
2023-07-01,00:21:00,18.52331054,73.85354652,Low,Saturday
2023-07-07,17:29:00,18.52395144,73.85541334,Very Low,Friday
2023-07-08,01:58:00,18.52264214,73.85062932,Very Low,Saturday
2023-07-08,06:15:00,18.52648179,73.85309816,Moderate,Saturday
2023-07-09,15:17:00,18.61838882,73.87053964,Moderate,Sunday
2023-07-11,23:01:00,18.61838882,73.87053964,Very Low,Tuesday
2023-07-12,02:22:00,18.53604519,73.85116383,Moderate,Wednesday
2023-07-18,20:52:00,18.53339308,73.84877608,Very Low,Tuesday
2023-07-28,18:44:00,18.5268509,73.85047601,High,Friday
2023-08-02,20:08:00,18.52806251,73.85182808,Low,Wednesday
2023-08-03,22:11:00,18.53003594,73.84382435,Very Low,Thursday
2023-08-05,20:19:00,18.61838882,73.87053964,Very Low,Saturday
2023-08-08,23:45:00,18.53339308,73.84877608,Very Low,Tuesday
2023-08-10,16:55:00,18.52745284,73.8557209,Moderate,Thursday
2023-08-11,20:59:00,18.52402865,73.85275606,Low,Friday
2023-08-28,20:51:00,18.52402865,73.85275606,Low,Monday
2023-09-06,19:19:00,18.53339308,73.84877608,Very Low,Wednesday
2023-09-12,00:01:00,18.53089653,73.84788228,Very Low,Tuesday
2023-09-12,15:41:00,18.52451598,73.85143078,Very Low,Tuesday
2023-09-18,23:58:00,18.52402865,73.85275606,Very Low,Monday
2023-09-24,01:46:00,18.52412892,73.84411231,Low,Sunday
2023-09-27,12:06:00,18.52482938,73.85011901,Low,Wednesday
2023-10-05,00:53:00,18.52588346,73.84593516,High,Thursday
2023-10-05,03:09:00,18.52588346,73.84593516,High,Thursday
2023-10-07,15:43:00,18.61838882,73.87053964,High,Saturday
2023-10-13,20:54:00,18.53385352,73.84261794,Low,Friday
2023-10-13,03:12:00,18.52264214,73.85062932,Very Low,Friday
2023-10-18,19:27:00,18.52264214,73.85062932,Low,Wednesday
2023-10-21,20:15:00,18.52264214,73.85062932,Very Low,Saturday
2023-10-21,00:20:00,18.52264214,73.85062932,Very Low,Saturday
2023-10-29,14:39:00,18.52131208,73.84679371,Very Low,Sunday
2023-11-01,18:05:00,18.5275375,73.8512376,Very Low,Wednesday
2023-11-01,01:20:00,18.5429482,73.83829162,Very Low,Wednesday
2023-11-15,17:16:00,18.52865675,73.84283661,Very Low,Wednesday
2023-12-02,22:14:00,18.52565144,73.84970172,Very Low,Saturday
2024-01-08,00:41:00,18.52453208,73.85177409,Low,Monday
2024-01-09,15:46:00,18.53063574,73.83803692,Very Low,Tuesday
2024-01-08,16:44:00,18.52837095,73.8762966,Moderate,Monday
2024-01-11,20:17:00,18.52589213,73.85048372,Low,Thursday
2024-01-12,18:51:00,18.52931367,73.85280719,High,Friday
2024-01-18,22:19:00,18.53050582,73.85075785,Very Low,Thursday
2024-01-22,23:14:00,18.53496168,73.83404464,Very Low,Monday
2024-01-22,23:53:00,18.52402212,73.84485081,Very Low,Monday
2024-01-23,01:29:00,18.52208669,73.84716227,Very Low,Tuesday
2024-01-26,23:42:00,18.52413281,73.85368898,Low,Friday
2024-01-28,17:10:00,18.52350695,73.85308554,Low,Sunday
2024-01-31,23:24:00,18.52350695,73.85308554,Low,Wednesday
2024-02-01,19:36:00,18.52350695,73.85308554,High,Thursday
2024-02-02,18:54:00,18.52550875,73.84998769,Low,Friday
2024-02-04,21:14:00,18.52278631,73.85133061,Moderate,Sunday
2024-02-08,19:12:00,18.5275795,73.84976403,Very Low,Thursday
2024-02-17,13:22:00,18.53169586,73.84688782,Moderate,Saturday
2024-02-17,17:29:00,18.52407952,73.84799018,Low,Saturday
2024-02-17,18:56:00,18.52987118,73.84331376,Low,Saturday
2024-02-27,22:37:00,18.52945317,73.84927422,Very Low,Tuesday
2024-02-27,23:14:00,18.52569056,73.84591957,High,Tuesday
2024-03-08,15:51:00,18.54169902,73.82815691,High,Friday
2024-03-12,10:26:00,18.53274556,73.8404496,Low,Tuesday
2024-03-18,08:41:00,18.52705681,73.8518271,High,Monday
2024-03-19,00:00:00,18.52191418,73.854407,Moderate,Tuesday
2024-03-22,23:45:00,18.52727206,73.85636152,Low,Friday
2024-03-23,20:17:00,18.52641938,73.84164156,Low,Saturday
2024-04-01,19:44:00,18.52860975,73.85005509,Low,Monday
2024-04-02,20:09:00,18.52700496,73.85799028,Low,Tuesday
2024-04-05,00:08:00,18.52739976,73.85584212,High,Friday
2024-04-03,02:15:00,18.53158264,73.85074201,Low,Wednesday
2024-04-05,18:43:00,18.52944832,73.85221462,Very Low,Friday
2024-04-11,05:13:00,18.52798336,73.84787421,Very Low,Thursday
2024-04-15,22:40:00,18.53075625,73.84758878,Very Low,Monday
2024-04-16,22:21:00,18.52389113,73.84922084,Very High,Tuesday
2024-04-17,16:24:00,18.52646126,73.84525354,Low,Wednesday
2024-04-21,16:02:00,18.52409896,73.84829842,Very Low,Sunday
2024-04-28,20:31:00,18.52836681,73.85838239,High,Sunday
2024-04-25,06:15:00,18.53052228,73.84786773,Very Low,Thursday
2024-04-26,22:45:00,18.51891042,73.84267177,Moderate,Friday
2024-04-26,20:32:00,18.52899184,73.8546737,Low,Friday
2024-05-01,17:29:00,18.53169454,73.85068837,Very Low,Wednesday
2024-05-02,11:03:00,18.52994203,73.84933218,Low,Thursday
2024-05-03,14:38:00,18.52708363,73.85638772,Very Low,Friday
2024-05-02,15:30:00,18.53120224,73.83655271,Low,Thursday
2024-05-05,15:11:00,18.5251389,73.8628006,Moderate,Sunday
2024-05-08,23:44:00,18.52545737,73.84502363,Very Low,Wednesday
2024-05-12,19:00:00,18.53149843,73.84434547,Low,Sunday
2024-05-23,19:25:00,18.52719224,73.85125967,Low,Thursday
2024-05-22,06:16:00,18.5248051,73.85428461,High,Wednesday
2024-05-28,19:46:00,18.52241501,73.85002287,Low,Tuesday
2024-05-29,05:11:00,18.52238072,73.84789723,Moderate,Wednesday
2024-06-02,00:35:00,18.52424895,73.85403349,Low,Sunday
2024-06-05,06:04:00,18.53117036,73.83490758,Very Low,Wednesday
2024-06-12,18:19:00,18.52140364,73.84727651,Low,Wednesday
2024-06-08,16:29:00,18.52669329,73.85112809,Low,Saturday
2024-06-15,16:02:00,18.52343855,73.85395472,Low,Saturday
2024-06-13,19:47:00,18.52744523,73.84385384,Low,Thursday
2024-06-15,20:49:00,18.52450316,73.85151751,Low,Saturday
2024-06-17,20:18:00,18.52613423,73.84366768,High,Monday
2024-06-17,01:59:00,18.52574736,73.84916077,High,Monday
2024-06-20,21:18:00,18.52394164,73.85260784,Low,Thursday
2024-06-22,19:32:00,18.52282701,73.8514697,Moderate,Saturday
2024-06-22,23:19:00,18.52308134,73.85346527,Low,Saturday
2024-06-25,09:07:00,18.52703487,73.84218555,Moderate,Tuesday
2024-06-27,01:29:00,18.52337898,73.85305406,Very Low,Thursday
2024-06-28,16:40:00,18.52842952,73.85500411,Low,Friday
2024-06-24,06:11:00,18.51774454,73.84164197,Very Low,Monday
2024-06-28,21:20:00,18.52368455,73.84921623,Low,Friday
2024-06-29,20:33:00,18.51723754,73.84285544,Low,Saturday
2024-06-30,12:54:00,18.52341269,73.84712988,High,Sunday
2024-07-02,21:05:00,18.52667174,73.85135727,Low,Tuesday
2024-07-02,22:12:00,18.53173655,73.84728479,Very Low,Tuesday
2024-07-05,10:08:00,18.53322245,73.84663465,Very Low,Friday
2024-07-05,19:24:00,18.52177841,73.84639048,Low,Friday
2024-07-05,22:16:00,18.52361728,73.85438048,Low,Friday
2024-07-11,16:23:00,18.52292192,73.85235817,Very Low,Thursday
2024-07-12,14:37:00,18.52670882,73.84251316,Very Low,Friday
2024-07-15,15:25:00,18.52702418,73.84210547,Very Low,Monday
2024-07-19,23:49:00,18.53013864,73.85308398,Very Low,Friday
2024-07-29,20:57:00,18.52279847,73.85348811,Low,Monday
2024-07-31,20:10:00,18.52825658,73.8549612,Low,Wednesday
2024-08-04,12:50:00,18.52649669,73.85069112,Low,Sunday
2024-08-07,20:40:00,18.52562153,73.85761115,Very High,Wednesday
2024-08-13,19:25:00,18.53013823,73.85087344,Low,Tuesday
2024-08-15,15:46:00,18.53013823,73.85087344,Very Low,Thursday
2024-08-22,17:34:00,18.52015441,73.84951024,Low,Thursday
2024-08-26,01:42:00,18.52655357,73.85080869,Low,Monday
2024-08-29,23:02:00,18.5234415,73.85480611,Low,Thursday
2024-08-31,23:01:00,18.528491,73.85448578,Low,Saturday
2024-09-02,22:06:00,18.52385522,73.8541527,Low,Monday
2024-12-12,23:31:00,18.52849335,73.85599822,Very Low,Thursday
